player,team,season,age,g,mp_per_g,pts_per_g,pred_pts,ast_per_g,pred_ast,trb_per_g,pred_reb
Shai Gilgeous-Alexander,OKC,2024,24.0,68.0,35.5,31.4,29.526655,5.5,5.7629128,4.8,4.7426314
Luka DonÄiÄ,DAL,2024,23.0,66.0,36.2,32.4,28.868557,8.0,8.143296,8.6,7.706854
Jayson Tatum,BOS,2024,24.0,74.0,36.9,30.1,28.85871,4.6,4.7702675,8.8,8.145147
Joel Embiid,PHI,2024,28.0,66.0,34.6,33.1,27.50176,4.2,4.194681,10.2,9.903855
Damian Lillard,POR,2024,32.0,58.0,36.3,32.2,27.456425,7.3,6.8765087,4.8,4.3767176
Kevin Durant,BRK,2024,34.0,39.0,36.0,29.7,27.054121,5.3,5.4241533,6.7,6.540583
Devin Booker,PHO,2024,26.0,53.0,34.6,27.8,26.999378,5.5,5.432547,4.5,4.4140625
Zion Williamson,NOP,2024,22.0,29.0,33.0,26.0,26.899477,4.6,4.657661,7.0,6.946763
Donovan Mitchell,CLE,2024,26.0,68.0,35.8,28.3,26.803316,4.4,4.4953923,4.3,4.2022686
Stephen Curry,GSW,2024,34.0,56.0,34.7,29.4,26.591516,6.3,6.3340116,6.1,5.621667
Giannis Antetokounmpo,MIL,2024,28.0,63.0,32.1,31.1,26.418049,5.7,5.282638,11.8,10.350135
Trae Young,ATL,2024,24.0,73.0,34.8,26.2,26.05399,10.2,9.006878,3.0,3.0057461
Anthony Edwards,MIN,2024,21.0,79.0,36.0,24.6,25.928772,4.4,4.8399014,5.8,5.495966
Mikal Bridges,BRK,2024,26.0,27.0,34.2,26.1,25.673752,2.7,2.7573445,4.5,4.4025984
Kyrie Irving,DAL,2024,30.0,20.0,38.2,27.0,25.207514,6.0,5.0506415,5.0,4.9530993
Nikola JokiÄ,DEN,2024,27.0,69.0,33.7,24.5,25.156303,9.8,8.902747,11.8,10.243354
LeBron James,LAL,2024,38.0,55.0,35.5,28.9,25.050758,6.8,6.8332624,8.3,7.4971304
Kyrie Irving,BRK,2024,30.0,40.0,37.0,27.1,24.836718,5.3,5.3725004,5.1,5.051036
Brandon Ingram,NOP,2024,25.0,45.0,34.2,24.7,24.736937,5.8,5.232732,5.5,5.140524
De'Aaron Fox,SAC,2024,25.0,73.0,33.4,25.0,24.690752,6.1,5.9986653,4.2,4.048724
Zach LaVine,CHI,2024,27.0,77.0,35.9,24.8,24.049746,4.2,4.4554896,4.5,4.1298876
Paul George,LAC,2024,32.0,56.0,34.6,23.8,24.040918,5.1,4.465515,6.1,5.744851
Jaylen Brown,BOS,2024,26.0,67.0,35.9,26.6,24.028322,3.5,3.6807396,6.9,6.3543725
Lauri Markkanen,UTA,2024,25.0,66.0,34.4,25.6,23.90119,1.9,2.0815625,8.6,7.9030347
Julius Randle,NYK,2024,28.0,77.0,35.5,25.1,23.720293,4.1,4.114987,10.0,8.933121
Jalen Green,HOU,2024,20.0,76.0,34.2,22.1,23.52095,3.7,3.9412751,3.7,3.1763153
Anthony Davis,LAL,2024,29.0,56.0,34.0,25.9,23.412567,2.6,2.7316332,12.5,10.83574
Kawhi Leonard,LAC,2024,31.0,52.0,33.6,23.8,23.079195,3.9,3.7299616,6.5,6.161319
Bradley Beal,WAS,2024,29.0,50.0,33.5,23.2,23.057129,5.4,4.9200644,3.9,4.0747056
Kristaps PorziÅÄ£is,WAS,2024,27.0,65.0,32.6,23.2,22.94779,2.7,2.7422607,8.4,7.6154
Tyrese Haliburton,IND,2024,22.0,56.0,33.6,20.7,22.841566,10.4,8.533393,3.7,3.7299728
Pascal Siakam,TOR,2024,28.0,71.0,37.4,24.2,22.66194,5.8,5.2938223,7.8,7.5300016
Pascal Siakam,TOR,2024,28.0,71.0,37.4,24.2,22.66194,5.8,5.2938223,7.8,7.5300016
Jalen Brunson,NYK,2024,26.0,68.0,35.0,24.0,22.625414,6.2,5.781942,3.5,3.439896
DeMar DeRozan,CHI,2024,33.0,74.0,36.2,24.5,22.533035,5.1,4.836846,4.6,4.3637547
Desmond Bane,MEM,2024,24.0,58.0,31.7,21.5,22.144775,4.4,4.339644,5.0,4.643096
Jimmy Butler,MIA,2024,33.0,64.0,33.4,22.9,21.746834,5.3,4.8860726,5.9,5.8357496
Keldon Johnson,SAS,2024,23.0,63.0,32.7,22.0,21.734518,2.9,2.8513718,5.0,4.554041
LaMelo Ball,CHO,2024,21.0,36.0,35.2,23.3,21.585861,8.4,7.4910274,6.4,5.5310087
Darius Garland,CLE,2024,23.0,69.0,35.5,21.6,21.360973,7.8,7.485281,2.7,2.6381054
Jordan Poole,GSW,2024,23.0,82.0,30.0,20.4,20.942432,4.5,4.68827,2.7,2.7691758
Kyle Kuzma,WAS,2024,27.0,64.0,35.0,21.2,20.659729,3.7,3.4323058,7.2,6.264869
Karl-Anthony Towns,MIN,2024,27.0,29.0,33.0,20.8,20.620848,4.8,4.3841796,8.1,7.081313
Anfernee Simons,POR,2024,23.0,62.0,35.0,21.1,20.612738,4.1,3.7756698,2.6,2.5918772
Dejounte Murray,ATL,2024,26.0,74.0,36.4,20.5,20.585855,6.1,5.3643665,5.3,4.6746283
James Harden,PHI,2024,33.0,58.0,36.8,21.0,20.446299,10.7,9.594893,6.1,5.7583847
Jamal Murray,DEN,2024,25.0,65.0,32.8,20.0,20.261152,6.2,5.6984005,4.0,3.8784363
Bam Adebayo,MIA,2024,25.0,75.0,34.6,20.4,20.20931,3.2,3.2436557,9.2,9.109217
Jordan Clarkson,UTA,2024,30.0,61.0,32.6,20.8,20.163021,4.4,3.5757618,4.0,3.7461677
Tyrese Maxey,PHI,2024,22.0,60.0,33.6,20.3,20.069183,3.5,3.4317565,2.9,2.7657328
Paolo Banchero,ORL,2024,20.0,72.0,33.8,20.0,19.9054,3.7,3.6831625,6.9,6.1524415
Klay Thompson,GSW,2024,32.0,69.0,33.0,21.9,19.792582,2.4,2.1810715,4.1,3.9236825
Domantas Sabonis,SAC,2024,26.0,79.0,34.6,19.1,19.737402,7.3,6.6571627,12.3,10.308492
RJ Barrett,NYK,2024,22.0,73.0,33.9,19.6,19.247929,2.8,3.1074538,5.0,4.683715
RJ Barrett,NYK,2024,22.0,73.0,33.9,19.6,19.247929,2.8,3.1074538,5.0,4.683715
Fred VanVleet,TOR,2024,28.0,69.0,36.7,19.3,18.983366,7.2,6.0790277,4.1,3.966726
Jaren Jackson Jr.,MEM,2024,23.0,63.0,28.4,18.6,18.878424,1.0,1.4217206,6.8,6.785713
Tyler Herro,MIA,2024,23.0,67.0,34.9,20.1,18.847528,4.2,4.1458826,5.4,4.593547
Franz Wagner,ORL,2024,21.0,80.0,32.6,18.6,18.624313,3.5,3.396809,4.1,3.9603188
Terry Rozier,CHO,2024,28.0,63.0,35.3,21.1,18.415506,5.1,4.0794306,4.1,3.729067
Terry Rozier,CHO,2024,28.0,63.0,35.3,21.1,18.415506,5.1,4.0794306,4.1,3.729067
Jerami Grant,POR,2024,28.0,63.0,35.7,20.5,18.372614,2.4,2.0775678,4.5,4.409481
Kelly Oubre Jr.,CHO,2024,27.0,48.0,32.3,20.3,18.2523,1.1,1.1692989,5.2,4.7088313
D'Angelo Russell,MIN,2024,26.0,54.0,32.9,17.9,18.043085,6.2,5.501821,3.1,2.9888048
Jrue Holiday,MIL,2024,32.0,67.0,32.6,19.3,17.872673,7.4,6.9440475,5.1,4.839885
Deandre Ayton,PHO,2024,24.0,67.0,30.4,18.0,17.807953,1.7,1.853671,10.0,9.790229
CJ McCollum,NOP,2024,31.0,75.0,35.3,20.9,17.800955,5.7,5.2015634,4.4,3.887688
Josh Giddey,OKC,2024,20.0,76.0,31.1,16.6,17.697098,6.2,5.3685513,7.9,7.0932536
Bojan BogdanoviÄ,DET,2024,33.0,59.0,32.1,21.6,17.311623,2.6,2.020084,3.8,3.395183
Bojan BogdanoviÄ,DET,2024,33.0,59.0,32.1,21.6,17.311623,2.6,2.020084,3.8,3.395183
Michael Porter Jr.,DEN,2024,24.0,62.0,29.0,17.4,17.198105,1.0,1.2075832,5.5,4.958554
Devin Vassell,SAS,2024,22.0,38.0,31.0,18.5,16.836166,3.6,3.1615884,3.9,3.5789564
Alperen ÅengÃ¼n,HOU,2024,20.0,75.0,28.9,14.8,16.608332,3.9,3.7773972,9.0,9.472667
Andrew Wiggins,GSW,2024,27.0,37.0,32.2,17.1,16.558588,2.3,2.201331,5.0,4.8636155
Mikal Bridges,PHO,2024,26.0,56.0,36.4,17.2,16.345282,3.6,3.2534485,4.3,4.11145
Myles Turner,IND,2024,26.0,62.0,29.4,18.0,16.286415,1.4,1.490943,7.5,7.1698446
Gary Trent Jr.,TOR,2024,24.0,66.0,32.1,17.4,16.281078,1.6,1.8116308,2.6,2.763852
Nikola VuÄeviÄ,CHI,2024,32.0,82.0,33.5,17.6,16.172567,3.2,3.012284,11.0,9.898711
Bennedict Mathurin,IND,2024,20.0,78.0,28.5,16.7,16.129759,1.5,1.5909575,4.1,3.611485
OG Anunoby,TOR,2024,25.0,67.0,35.6,16.8,16.10272,2.0,2.1281855,5.0,4.785212
OG Anunoby,TOR,2024,25.0,67.0,35.6,16.8,16.10272,2.0,2.1281855,5.0,4.785212
Russell Westbrook,LAC,2024,34.0,21.0,30.2,15.8,15.96151,7.6,6.4737167,4.9,4.418602
Aaron Gordon,DEN,2024,27.0,68.0,30.2,16.3,15.895497,3.0,2.949367,6.6,6.9879217
Russell Westbrook,LAL,2024,34.0,52.0,28.7,15.9,15.874632,7.5,6.7135525,6.2,5.1776876
Jaden Ivey,DET,2024,20.0,74.0,31.1,16.3,15.765931,5.2,4.285163,3.9,3.331129
Evan Mobley,CLE,2024,21.0,79.0,34.4,16.2,15.742037,2.8,2.9056854,9.0,8.756042
Malik Monk,SAC,2024,24.0,77.0,22.3,13.5,15.542896,3.9,3.9180012,2.6,2.8645957
Spencer Dinwiddie,DAL,2024,29.0,53.0,34.1,17.7,15.487051,5.3,4.336108,3.1,2.836254
Spencer Dinwiddie,DAL,2024,29.0,53.0,34.1,17.7,15.487051,5.3,4.336108,3.1,2.836254
Norman Powell,LAC,2024,29.0,60.0,26.1,17.0,15.385247,1.8,1.870911,2.9,2.7821019
Spencer Dinwiddie,BRK,2024,29.0,26.0,35.3,16.5,15.216708,9.1,7.031153,4.1,3.8515306
Spencer Dinwiddie,BRK,2024,29.0,26.0,35.3,16.5,15.216708,9.1,7.031153,4.1,3.8515306
Immanuel Quickley,NYK,2024,23.0,81.0,28.9,14.9,15.187043,3.4,3.4562936,4.2,4.05231
Immanuel Quickley,NYK,2024,23.0,81.0,28.9,14.9,15.187043,3.4,3.4562936,4.2,4.05231
Scottie Barnes,TOR,2024,21.0,77.0,34.8,15.3,14.907604,4.8,4.505657,6.6,6.195894
Kevin Huerter,SAC,2024,24.0,75.0,29.4,15.2,14.85303,2.9,2.861213,3.3,3.4492648
Christian Wood,DAL,2024,27.0,67.0,25.9,16.6,14.81956,1.8,1.6562756,7.3,6.6862574
Cameron Johnson,BRK,2024,26.0,25.0,30.8,16.6,14.79303,2.1,1.9769117,4.8,4.5617056
P.J. Washington,CHO,2024,24.0,73.0,32.6,15.7,14.363525,2.4,2.0807607,4.9,4.510888
P.J. Washington,CHO,2024,24.0,73.0,32.6,15.7,14.363525,2.4,2.0807607,4.9,4.510888
Jalen Williams,OKC,2024,21.0,75.0,30.3,14.1,14.345415,3.3,3.1792095,4.5,3.914812
Khris Middleton,MIL,2024,31.0,33.0,24.3,15.1,14.319338,4.9,4.1598153,4.2,4.0524774
Collin Sexton,UTA,2024,24.0,48.0,23.9,14.3,14.266774,2.9,2.9818668,2.2,2.5301614
Buddy Hield,IND,2024,30.0,80.0,31.0,16.8,14.04863,2.8,2.4260948,5.0,4.360041
Buddy Hield,IND,2024,30.0,80.0,31.0,16.8,14.04863,2.8,2.4260948,5.0,4.360041
Cole Anthony,ORL,2024,22.0,60.0,25.9,13.0,13.954264,3.9,3.9171808,4.8,4.4490685
Malcolm Brogdon,BOS,2024,30.0,67.0,26.0,14.9,13.946638,3.7,3.8814116,4.2,3.873697
Jarrett Allen,CLE,2024,24.0,68.0,32.6,14.3,13.848104,1.7,1.8895519,9.8,9.778297
Harrison Barnes,SAC,2024,30.0,82.0,32.5,15.0,13.781484,1.6,1.5276039,4.5,4.2557926
Wendell Carter Jr.,ORL,2024,23.0,57.0,29.6,15.2,13.71186,2.3,2.1633933,8.7,7.5104847
Bobby Portis,MIL,2024,27.0,70.0,26.0,14.1,13.644228,1.5,1.5073225,9.6,8.522859
De'Andre Hunter,ATL,2024,25.0,67.0,31.7,15.4,13.563503,1.4,1.4938884,4.2,3.7393253
Dillon Brooks,MEM,2024,27.0,73.0,30.3,14.3,13.56142,2.6,2.2914891,3.3,3.3383746
Luguentz Dort,OKC,2024,23.0,74.0,30.7,13.7,13.470022,2.1,2.0108066,4.6,4.2579837
Tobias Harris,PHI,2024,30.0,74.0,32.9,14.7,13.451268,2.5,2.3034441,5.7,5.0291953
Trey Murphy III,NOP,2024,22.0,79.0,31.0,14.5,13.314545,1.4,1.6615494,3.6,3.8352556
Brook Lopez,MIL,2024,34.0,78.0,30.4,15.9,13.277025,1.3,1.4340113,6.7,6.117594
Jonas ValanÄiÅ«nas,NOP,2024,30.0,79.0,24.9,14.1,13.126818,1.8,1.6931672,10.2,8.879827
Austin Reaves,LAL,2024,24.0,64.0,28.8,13.0,12.86028,3.4,3.148912,3.0,2.9412363
Rui Hachimura,WAS,2024,24.0,30.0,24.3,13.0,12.856986,1.2,1.2514008,4.3,4.4371734
Nic Claxton,BRK,2024,23.0,76.0,29.9,12.6,12.833526,1.9,1.9223936,9.2,9.578235
Derrick White,BOS,2024,28.0,82.0,28.3,12.4,12.627176,3.9,3.5815277,3.6,3.7747412
Saddiq Bey,DET,2024,23.0,52.0,28.8,14.8,12.607969,1.6,1.3304074,4.7,4.1712327
Naz Reid,MIN,2024,23.0,68.0,18.4,11.5,12.573811,1.1,1.2628856,4.9,5.0616693
John Collins,ATL,2024,25.0,71.0,30.0,13.1,12.496904,1.2,1.2750536,6.5,5.906927
Malik Beasley,UTA,2024,26.0,55.0,26.8,13.4,12.37929,1.7,1.6603054,3.6,3.032621
Tim Hardaway Jr.,DAL,2024,30.0,71.0,30.3,14.4,12.283164,1.8,1.7160538,3.5,3.0120027
Dennis SchrÃ¶der,LAL,2024,29.0,66.0,30.1,12.6,12.183426,4.5,4.2173705,2.5,2.2957165
Dennis SchrÃ¶der,LAL,2024,29.0,66.0,30.1,12.6,12.183426,4.5,4.2173705,2.5,2.2957165
Chris Paul,PHO,2024,37.0,59.0,32.0,13.9,12.158854,8.9,7.263264,4.3,3.848587
Markelle Fultz,ORL,2024,24.0,60.0,29.6,14.0,12.14287,5.7,4.9803824,3.9,3.2359424
Bogdan BogdanoviÄ,ATL,2024,30.0,54.0,27.9,14.0,11.912953,2.8,2.6183121,3.1,2.6745934
Kris Dunn,UTA,2024,28.0,22.0,25.8,13.2,11.8695345,5.6,4.383261,4.5,3.9177356
Jaden McDaniels,MIN,2024,22.0,79.0,30.6,12.1,11.804212,1.9,1.8537216,3.9,3.7923207
Talen Horton-Tucker,UTA,2024,22.0,65.0,20.2,10.7,11.780393,3.8,3.5383165,3.2,3.4422655
Bruce Brown,DEN,2024,26.0,80.0,28.5,11.5,11.7423725,3.4,3.1711097,4.1,4.160306
Bruce Brown,DEN,2024,26.0,80.0,28.5,11.5,11.7423725,3.4,3.1711097,4.1,4.160306
Bones Hyland,DEN,2024,22.0,42.0,19.5,12.1,11.723707,3.0,3.6061368,2.0,2.4574027
Jonathan Kuminga,GSW,2024,20.0,67.0,20.8,9.9,11.720712,1.9,1.8012067,3.4,4.031472
Mike Conley,MIN,2024,35.0,24.0,31.4,14.0,11.601727,5.0,4.183487,3.1,2.8274913
Marcus Smart,BOS,2024,28.0,61.0,32.1,11.5,11.540935,6.3,5.5526595,3.1,3.2438307
Caris LeVert,CLE,2024,28.0,74.0,30.2,12.1,11.524248,3.9,3.4595969,3.8,3.5919795
Gordon Hayward,CHO,2024,32.0,50.0,31.5,14.7,11.498257,4.1,2.9793117,4.3,3.6309586
Gordon Hayward,CHO,2024,32.0,50.0,31.5,14.7,11.498257,4.1,2.9793117,4.3,3.6309586
KJ Martin,HOU,2024,22.0,82.0,28.0,12.7,11.370637,1.5,1.3591559,5.5,5.131021
Jakob Poeltl,TOR,2024,27.0,26.0,27.2,13.1,11.32848,2.2,1.9544677,9.1,8.8039255
Jusuf NurkiÄ,POR,2024,28.0,52.0,26.8,13.3,11.309364,2.9,2.3475127,9.1,7.920021
Cam Thomas,BRK,2024,21.0,57.0,16.6,10.6,11.2006445,1.4,2.1871402,1.7,2.3729286
Jordan Nwora,IND,2024,24.0,24.0,24.6,13.0,11.11343,2.1,1.599855,4.7,3.683119
Jalen Suggs,ORL,2024,21.0,53.0,23.5,9.9,11.048649,2.9,2.9645166,3.0,3.6118362
Tyus Jones,MEM,2024,26.0,80.0,24.3,10.3,11.029058,5.2,4.7869534,2.5,2.4553514
Kelly Olynyk,UTA,2024,31.0,68.0,28.6,12.5,11.011125,3.7,3.0971854,6.2,5.2110324
Kelly Olynyk,UTA,2024,31.0,68.0,28.6,12.5,11.011125,3.7,3.0971854,6.2,5.2110324
Jabari Smith Jr.,HOU,2024,19.0,79.0,31.0,12.8,10.894222,1.3,1.3012849,7.2,6.18868
Shaedon Sharpe,POR,2024,19.0,80.0,22.2,9.9,10.873725,1.2,1.386384,3.0,3.0503585
Coby White,CHI,2024,22.0,74.0,23.4,9.7,10.805688,2.8,3.1665697,2.9,2.8796575
De'Anthony Melton,PHI,2024,24.0,77.0,27.9,10.1,10.731611,2.6,2.4886847,4.1,4.083943
Thomas Bryant,LAL,2024,25.0,41.0,21.4,12.1,10.712882,0.7,0.8772712,6.8,6.2147474
Keegan Murray,SAC,2024,22.0,80.0,29.8,12.2,10.710173,1.2,1.1564643,4.6,3.842264
Lonnie Walker IV,LAL,2024,24.0,56.0,23.2,11.7,10.686254,1.1,1.3233014,1.9,2.3381557
Quentin Grimes,NYK,2024,22.0,71.0,29.9,11.3,10.676871,2.1,2.0852003,3.2,3.3666425
Onyeka Okongwu,ATL,2024,22.0,80.0,23.1,9.9,10.6457205,1.0,1.2800262,7.2,6.8927875
Isaiah Stewart,DET,2024,21.0,50.0,28.3,11.3,10.640703,1.4,1.3707411,8.1,6.818224
Rudy Gobert,MIN,2024,30.0,70.0,30.7,13.4,10.465712,1.2,1.1926742,11.6,10.127427
Cameron Payne,PHO,2024,28.0,48.0,20.2,10.3,10.460991,4.5,4.0122175,2.2,2.227664
Cameron Payne,PHO,2024,28.0,48.0,20.2,10.3,10.460991,4.5,4.0122175,2.2,2.227664
Moritz Wagner,ORL,2024,25.0,57.0,19.5,10.5,10.455434,1.5,1.4689012,4.5,4.1851954
Luke Kennard,MEM,2024,26.0,24.0,24.6,11.3,10.434072,2.3,2.342727,3.1,2.8709252
Malik Beasley,LAL,2024,26.0,26.0,23.9,11.1,10.400586,1.2,1.1667458,3.3,2.9801562
Cam Reddish,POR,2024,23.0,20.0,27.6,11.0,10.264687,1.9,1.7168303,2.9,3.1180198
Jaden Hardy,DAL,2024,20.0,48.0,14.8,8.8,10.235545,1.4,1.8611059,1.9,2.1722305
Saddiq Bey,ATL,2024,23.0,25.0,25.2,11.6,10.202,1.4,1.4423558,4.8,4.3619847
Marvin Bagley III,DET,2024,23.0,42.0,23.6,12.0,10.149813,0.9,0.874972,6.4,5.5429363
Marvin Bagley III,DET,2024,23.0,42.0,23.6,12.0,10.149813,0.9,0.874972,6.4,5.5429363
Alec Burks,DET,2024,31.0,51.0,22.0,12.8,10.105378,2.2,2.0232775,3.1,2.757447
Alec Burks,DET,2024,31.0,51.0,22.0,12.8,10.105378,2.2,2.0232775,3.1,2.757447
Max Strus,MIA,2024,26.0,80.0,28.4,11.5,10.064935,2.1,1.8364966,3.2,2.927901
Tre Jones,SAS,2024,23.0,68.0,29.2,12.9,10.059005,6.6,5.3350735,3.6,3.077608
Kentavious Caldwell-Pope,DEN,2024,29.0,76.0,31.3,10.8,10.010891,2.4,2.4341273,2.7,2.8028824
Donte DiVincenzo,GSW,2024,26.0,72.0,26.3,9.4,9.954271,3.5,3.1944878,4.5,3.9702797
Ivica Zubac,LAC,2024,25.0,76.0,28.6,10.8,9.942259,1.0,1.1394771,9.9,8.620895
Landry Shamet,PHO,2024,25.0,40.0,20.2,8.7,9.928856,2.3,2.4853003,1.7,2.150073
Josh Hart,NYK,2024,27.0,25.0,30.0,10.2,9.894437,3.6,3.395361,7.0,6.407398
Clint Capela,ATL,2024,28.0,65.0,26.6,12.0,9.888848,0.9,1.0257645,11.0,9.475346
Santi Aldama,MEM,2024,22.0,77.0,21.8,9.0,9.868508,1.3,1.3854119,4.8,4.993146
Jalen Smith,IND,2024,22.0,68.0,18.8,9.4,9.840856,1.0,1.0561105,5.8,5.5209055
Aaron Nesmith,IND,2024,23.0,73.0,24.9,10.1,9.827096,1.3,1.3512481,3.8,3.4696026
Isaiah Joe,OKC,2024,23.0,73.0,19.1,9.5,9.8096075,1.2,1.404484,2.4,2.384311
Kevin Knox,POR,2024,23.0,21.0,17.1,8.5,9.796953,0.9,0.8931988,3.3,3.5087266
Josh Richardson,SAS,2024,29.0,42.0,23.7,11.5,9.7848835,3.3,2.770005,2.8,2.7557743
James Wiseman,DET,2024,21.0,24.0,25.2,12.7,9.7721405,0.7,0.72681963,8.1,6.7009583
Rui Hachimura,LAL,2024,24.0,33.0,22.4,9.6,9.740212,0.7,0.9201235,4.7,4.7275043
Grayson Allen,MIL,2024,27.0,72.0,27.4,10.4,9.684771,2.3,2.157376,3.3,3.2789621
Deni Avdija,WAS,2024,22.0,76.0,26.6,9.2,9.615258,2.8,2.7173982,6.4,5.6560116
Precious Achiuwa,TOR,2024,23.0,55.0,20.7,9.2,9.536873,0.9,1.0180293,6.0,5.638664
Precious Achiuwa,TOR,2024,23.0,55.0,20.7,9.2,9.536873,0.9,1.0180293,6.0,5.638664
Patrick Williams,CHI,2024,21.0,82.0,28.3,10.2,9.521363,1.2,1.2264299,4.0,4.5508475
Shake Milton,PHI,2024,26.0,76.0,20.6,8.4,9.4711485,3.2,3.1559362,2.5,2.4043508
Jakob Poeltl,SAS,2024,27.0,46.0,26.1,12.1,9.459793,3.1,2.5948684,9.0,8.466429
Josh Green,DAL,2024,22.0,60.0,25.7,9.1,9.4324045,1.7,1.8238574,3.0,3.142801
Josh Okogie,PHO,2024,24.0,72.0,18.8,7.3,9.380653,1.5,1.7289355,3.5,3.7764304
Zach Collins,SAS,2024,25.0,63.0,22.9,11.6,9.334216,2.9,2.3714008,6.4,5.5167055
Trey Lyles,SAC,2024,27.0,74.0,16.9,7.6,9.28509,0.9,1.0576158,4.1,4.416636
Monte Morris,WAS,2024,27.0,62.0,27.3,10.3,9.283252,5.3,4.547239,3.4,2.931531
Kyle Lowry,MIA,2024,36.0,55.0,31.2,11.2,9.221444,5.1,3.9757671,4.1,3.7099373
Kyle Lowry,MIA,2024,36.0,55.0,31.2,11.2,9.221444,5.1,3.9757671,4.1,3.7099373
Reggie Jackson,LAC,2024,32.0,52.0,25.7,10.9,9.17394,3.5,2.9861243,2.2,1.866352
Naji Marshall,NOP,2024,25.0,77.0,23.3,9.1,9.138199,2.5,2.429519,3.6,3.293988
Cam Reddish,NYK,2024,23.0,20.0,21.9,8.4,9.129422,1.0,1.2482394,1.6,2.5984364
Walker Kessler,UTA,2024,21.0,74.0,23.0,9.2,9.112445,0.9,1.0796554,8.4,8.143288
Jose Alvarado,NOP,2024,24.0,61.0,21.5,9.0,9.083227,3.0,3.3542447,2.3,2.2617917
Herbert Jones,NOP,2024,24.0,66.0,29.6,9.8,9.010701,2.5,2.2865763,4.1,4.2050505
Corey Kispert,WAS,2024,23.0,74.0,28.3,11.1,9.008588,1.2,1.1222423,2.8,2.7320988
Killian Hayes,DET,2024,21.0,76.0,28.3,10.3,8.982604,6.2,5.0450473,2.9,2.5252526
Cedi Osman,CLE,2024,27.0,77.0,20.1,8.7,8.979555,1.5,1.517582,2.3,2.4964514
Daniel Gafford,WAS,2024,24.0,78.0,20.6,9.0,8.97862,1.1,1.0596706,5.6,6.0971804
Daniel Gafford,WAS,2024,24.0,78.0,20.6,9.0,8.97862,1.1,1.0596706,5.6,6.0971804
Malaki Branham,SAS,2024,19.0,66.0,23.5,10.2,8.969094,1.9,1.7500372,2.7,2.2022452
Jeremy Sochan,SAS,2024,19.0,56.0,26.0,11.0,8.962431,2.5,2.2293594,5.3,5.0151377
Tari Eason,HOU,2024,21.0,82.0,21.5,9.3,8.9105015,1.1,1.1463783,6.0,5.8919954
Eric Gordon,HOU,2024,34.0,47.0,30.2,13.1,8.906798,2.9,2.073424,2.1,2.0502985
Ziaire Williams,MEM,2024,21.0,37.0,15.2,5.7,8.891565,0.9,1.148843,2.1,2.7768252
Taurean Prince,MIN,2024,28.0,54.0,22.1,9.1,8.887186,1.6,1.5378283,2.4,2.7564356
Jalen Duren,DET,2024,19.0,67.0,24.9,9.1,8.88462,1.1,1.0925643,8.9,8.388564
Marcus Morris,LAC,2024,33.0,65.0,28.1,11.2,8.790301,1.8,1.4841872,4.0,3.5893211
Terance Mann,LAC,2024,26.0,81.0,23.1,8.8,8.780815,2.3,2.1626422,3.4,3.3104749
Josh Hart,POR,2024,27.0,51.0,33.4,9.5,8.752593,3.9,3.1516001,8.2,6.564471
Kyle Anderson,MIN,2024,29.0,69.0,28.4,9.4,8.64514,4.9,4.279076,5.3,5.0866127
Chris Boucher,TOR,2024,30.0,76.0,20.0,9.4,8.629716,0.4,0.75292224,5.5,5.035516
Luke Kennard,LAC,2024,26.0,35.0,20.7,7.8,8.585253,1.1,1.2892325,2.4,2.3662865
Devonte' Graham,SAS,2024,27.0,20.0,26.4,13.0,8.538579,4.0,3.2540896,2.5,2.267538
Ayo Dosunmu,CHI,2024,23.0,80.0,26.2,8.6,8.443393,2.6,2.4310198,2.8,3.031447
Tre Mann,OKC,2024,21.0,67.0,17.7,7.7,8.427454,1.8,2.2329822,2.3,2.1091843
Payton Pritchard,BOS,2024,25.0,48.0,13.4,5.6,8.3808775,1.3,2.097062,1.8,2.0375266
Nickeil Alexander-Walker,UTA,2024,24.0,36.0,14.7,6.3,8.37687,2.1,2.5645707,1.6,2.5101697
Eric Gordon,LAC,2024,34.0,22.0,24.9,11.0,8.341518,2.1,1.867829,1.7,2.1475353
Mason Plumlee,CHO,2024,32.0,56.0,28.5,12.2,8.298273,3.7,2.8907907,9.7,8.627014
Kevin Love,CLE,2024,34.0,41.0,20.0,8.5,8.285827,1.9,1.7100497,6.8,5.4832835
Nickeil Alexander-Walker,MIN,2024,24.0,23.0,15.5,5.9,8.256311,1.4,1.9066764,1.8,2.4116442
Grant Williams,BOS,2024,24.0,79.0,25.9,8.1,8.250655,1.7,1.634524,4.6,4.3002124
Grant Williams,BOS,2024,24.0,79.0,25.9,8.1,8.250655,1.7,1.634524,4.6,4.3002124
Jalen Johnson,ATL,2024,21.0,70.0,14.9,5.6,8.163508,1.2,1.3181471,4.0,4.427823
Jae'Sean Tate,HOU,2024,27.0,31.0,21.8,9.1,8.161477,2.7,2.1009338,3.8,3.2648582
Dennis Smith Jr.,CHO,2024,25.0,54.0,25.7,8.8,8.138406,4.8,4.1057305,3.1,2.7376099
T.J. McConnell,IND,2024,30.0,75.0,20.3,8.7,8.138081,5.3,4.482593,3.1,2.6480079
Draymond Green,GSW,2024,32.0,73.0,31.5,8.5,8.132246,6.8,5.830302,7.2,6.213612
Seth Curry,BRK,2024,32.0,61.0,19.9,9.2,8.07487,1.6,1.6648237,1.6,1.8265494
Dario Å ariÄ,OKC,2024,28.0,20.0,13.7,7.4,8.044507,0.9,0.9817208,3.3,3.7266562
Bol Bol,ORL,2024,23.0,70.0,21.5,9.1,8.038805,1.0,0.967424,5.8,5.1404567
Royce O'Neale,BRK,2024,29.0,76.0,31.7,8.8,8.031987,3.7,3.2269545,5.1,4.462296
Royce O'Neale,BRK,2024,29.0,76.0,31.7,8.8,8.031987,3.7,3.2269545,5.1,4.462296
Gary Harris,ORL,2024,28.0,48.0,24.7,8.3,8.026098,1.2,1.389195,2.0,2.3262494
Jevon Carter,MIL,2024,27.0,81.0,22.3,8.0,8.018846,2.4,2.5323691,2.5,2.5767615
Dorian Finney-Smith,DAL,2024,29.0,40.0,32.2,9.1,8.011099,1.5,1.3487318,4.7,4.1179633
Johnny Davis,WAS,2024,20.0,28.0,15.1,5.8,7.9898987,1.0,1.2523035,2.3,2.4858654
Doug McDermott,SAS,2024,31.0,64.0,20.5,10.2,7.9662786,1.4,1.2231461,2.2,2.1301131
Georges Niang,PHI,2024,29.0,78.0,19.4,8.2,7.95968,1.0,1.106699,2.4,2.4819775
Obi Toppin,NYK,2024,24.0,67.0,15.7,7.4,7.9492683,1.0,1.1366749,2.8,2.9581888
Brandon Boston Jr.,LAC,2024,21.0,22.0,11.3,6.5,7.9154696,0.9,1.1707278,1.4,2.3605833
Caleb Martin,MIA,2024,27.0,71.0,29.3,9.6,7.904901,1.6,1.4194164,4.8,4.0365076
Ochai Agbaji,UTA,2024,22.0,59.0,20.5,7.9,7.8807573,1.1,1.3119055,2.1,2.4380062
Ochai Agbaji,UTA,2024,22.0,59.0,20.5,7.9,7.8807573,1.1,1.3119055,2.1,2.4380062
Nassir Little,POR,2024,22.0,54.0,18.1,6.6,7.8387265,0.9,0.9898156,2.6,3.1101665
Trendon Watford,POR,2024,22.0,62.0,19.1,7.4,7.787762,2.1,1.9348288,3.8,4.0637207
Moses Moody,GSW,2024,20.0,63.0,13.0,4.8,7.7805743,0.8,1.325925,1.7,2.364597
Mike Conley,UTA,2024,35.0,43.0,29.7,10.7,7.774335,7.7,5.7720013,2.5,2.0658116
Aaron Wiggins,OKC,2024,24.0,70.0,18.5,6.8,7.7491384,1.1,1.2629238,3.0,2.9764025
Al Horford,BOS,2024,36.0,63.0,30.5,9.8,7.741338,3.0,2.5032184,6.2,5.310305
Chris Duarte,IND,2024,25.0,46.0,19.5,7.9,7.7228355,1.4,1.2276528,2.5,2.1845305
Mo Bamba,ORL,2024,24.0,40.0,17.0,7.3,7.7213306,1.1,1.0985214,4.6,4.7916713
Jalen McDaniels,CHO,2024,25.0,56.0,26.7,10.6,7.6922374,2.0,1.658517,4.8,3.7937913
Malachi Flynn,TOR,2024,24.0,53.0,13.0,4.6,7.6773796,1.3,2.171269,1.4,1.8650318
Malachi Flynn,TOR,2024,24.0,53.0,13.0,4.6,7.6773796,1.3,2.171269,1.4,1.8650318
Jaxson Hayes,NOP,2024,22.0,47.0,13.0,5.0,7.652248,0.7,1.0083746,2.8,4.1544785
Jarred Vanderbilt,UTA,2024,23.0,52.0,24.1,8.3,7.6503296,2.7,2.4069858,7.9,6.6362057
Isaiah Jackson,IND,2024,21.0,63.0,16.5,7.2,7.6401963,0.8,0.9405379,4.5,5.129712
Simone Fontecchio,UTA,2024,27.0,52.0,14.7,6.3,7.60215,0.8,0.8967443,1.7,2.3026602
Evan Fournier,NYK,2024,30.0,27.0,17.0,6.1,7.590673,1.3,1.6021407,1.8,2.0478468
Davion Mitchell,SAC,2024,24.0,80.0,18.1,5.6,7.585399,2.3,3.0306866,1.3,1.9639347
Andrew Nembhard,IND,2024,23.0,75.0,27.6,9.5,7.527978,4.5,3.6857486,2.7,2.296516
James Wiseman,GSW,2024,21.0,21.0,12.5,6.9,7.5195575,0.7,0.8160858,3.5,4.159073
Duncan Robinson,MIA,2024,28.0,42.0,16.5,6.4,7.5193014,1.1,1.2487829,1.6,2.0336735
Josh Richardson,NOP,2024,29.0,23.0,23.2,7.5,7.509013,1.6,1.6608644,2.4,2.6272223
Derrick Jones Jr.,CHI,2024,25.0,64.0,14.0,5.0,7.490926,0.5,0.9300324,2.4,3.735685
Devonte' Graham,NOP,2024,27.0,53.0,15.3,5.3,7.4383383,2.2,3.0468554,1.4,2.0778549
Troy Brown Jr.,LAL,2024,23.0,76.0,24.5,7.1,7.403958,1.3,1.4593035,4.1,3.7742968
Troy Brown Jr.,LAL,2024,23.0,76.0,24.5,7.1,7.403958,1.3,1.4593035,4.1,3.7742968
Day'Ron Sharpe,BRK,2024,21.0,48.0,11.5,4.7,7.384215,0.8,0.9271266,4.2,5.360993
Ousmane Dieng,OKC,2024,19.0,39.0,14.6,4.9,7.384121,1.2,1.344424,2.7,2.9977849
Keita Bates-Diop,SAS,2024,27.0,67.0,21.7,9.7,7.3765893,1.5,1.1156782,3.7,3.4809768
Jordan Goodwin,WAS,2024,24.0,62.0,17.8,6.6,7.3494754,2.7,2.7751102,3.3,3.1830611
Isaac Okoro,CLE,2024,22.0,76.0,21.7,6.4,7.3229647,1.1,1.2923425,2.5,3.3588223
Dario Å ariÄ,PHO,2024,28.0,37.0,14.4,5.8,7.2514987,1.5,1.363279,3.8,4.151727
Jock Landale,PHO,2024,27.0,69.0,14.2,6.6,7.2286735,1.0,1.0859959,4.1,4.5545697
Kevin Love,MIA,2024,34.0,21.0,20.0,7.7,7.2186894,1.9,1.6576139,5.7,4.807663
Kenrich Williams,OKC,2024,28.0,53.0,22.8,8.0,7.2182603,2.0,1.8575331,4.9,4.5994945
Jarred Vanderbilt,LAL,2024,23.0,26.0,24.0,7.2,7.2056537,1.6,1.5320439,6.7,5.360458
David Roddy,MEM,2024,21.0,70.0,18.0,6.7,7.1547503,0.8,0.9481028,2.8,2.9211562
MarJon Beauchamp,MIL,2024,22.0,52.0,13.5,5.1,7.1503778,0.7,0.89928436,2.2,2.6079514
Kevin Knox,DET,2024,23.0,42.0,14.1,5.6,7.1212044,0.4,0.7334051,2.6,3.0621023
Sam Hauser,BOS,2024,25.0,80.0,16.1,6.4,7.117536,0.9,1.0073962,2.6,2.6844053
Jalen McDaniels,PHI,2024,25.0,24.0,17.5,6.7,7.1086655,0.8,0.927927,3.2,2.9464233
Delon Wright,WAS,2024,30.0,50.0,24.4,7.4,7.0826764,3.9,3.655486,3.6,3.5767918
Derrick Rose,NYK,2024,34.0,27.0,12.5,5.6,7.081891,1.7,2.2871022,1.5,1.6931844
Nick Richards,CHO,2024,25.0,65.0,18.7,8.2,6.9316783,0.6,0.58406866,6.4,5.5382104
Bryce McGowens,CHO,2024,20.0,46.0,17.1,5.3,6.896616,1.2,1.3537902,2.0,2.0843554
Jeff Green,DEN,2024,36.0,56.0,19.5,7.8,6.841742,1.2,1.0184815,2.6,2.6381438
Dorian Finney-Smith,BRK,2024,29.0,26.0,27.7,7.2,6.8342485,1.6,1.3939731,4.9,4.3564467
Jabari Walker,POR,2024,20.0,56.0,11.1,3.9,6.748575,0.6,0.8730062,2.3,3.4106617
Jordan Nwora,MIL,2024,24.0,38.0,15.7,6.0,6.682081,1.0,1.0438066,3.1,2.7789707
Chimezie Metu,SAC,2024,25.0,66.0,10.4,4.9,6.6809363,0.6,0.8948488,3.0,3.3537612
Oshae Brissett,IND,2024,24.0,65.0,16.7,6.1,6.6752152,0.7,0.8277381,3.4,3.242534
Drew Eubanks,POR,2024,25.0,78.0,20.3,6.6,6.6103153,1.3,1.2197665,5.4,5.0764623
Andre Drummond,CHI,2024,29.0,67.0,12.7,6.0,6.601977,0.5,0.84847903,6.6,7.4510784
Mike Muscala,OKC,2024,31.0,43.0,14.5,6.2,6.4319654,0.9,0.95986193,3.1,2.948488
Aaron Holiday,ATL,2024,26.0,63.0,13.4,3.9,6.378326,1.4,2.1871796,1.2,1.9109991
Cory Joseph,DET,2024,31.0,62.0,19.8,6.9,6.3387346,3.5,3.1528432,1.7,1.7026683
Pat Connaughton,MIL,2024,30.0,61.0,23.7,7.6,6.3062387,1.3,1.2800263,4.6,3.7488396
Robert Covington,LAC,2024,32.0,48.0,16.2,6.0,6.2721047,1.2,1.1867447,3.5,3.4764903
Jaylin Williams,OKC,2024,20.0,49.0,18.7,5.9,6.258954,1.6,1.4280033,4.9,4.543788
Alex Caruso,CHI,2024,28.0,67.0,23.5,5.6,6.22454,2.9,3.0738733,2.9,2.9820309
John Konchar,MEM,2024,26.0,72.0,20.8,5.1,6.223748,1.4,1.4699843,4.3,3.8018522
Mitchell Robinson,NYK,2024,24.0,59.0,27.0,7.4,6.2078223,0.9,0.9573221,9.4,8.906484
Christian Braun,DEN,2024,21.0,76.0,15.5,4.7,6.199959,0.8,1.1636678,2.4,2.5424623
Torrey Craig,PHO,2024,32.0,79.0,24.7,7.4,6.1912436,1.5,1.3033874,5.4,4.533321
Blake Wesley,SAS,2024,19.0,37.0,18.1,5.0,6.1869946,2.6,2.653438,2.2,2.1521485
Max Christie,LAL,2024,19.0,41.0,12.5,3.1,6.185665,0.5,1.0693356,1.8,2.1572912
Joe Ingles,MIL,2024,35.0,46.0,22.7,6.9,6.113132,3.3,2.9217107,2.8,2.3673227
Larry Nance Jr.,NOP,2024,30.0,65.0,21.2,6.8,6.0645394,1.8,1.7756448,5.4,5.1405444
Matisse Thybulle,POR,2024,25.0,22.0,27.7,7.4,6.0557976,1.4,1.3646895,3.5,3.138061
Isaiah Hartenstein,NYK,2024,24.0,82.0,19.8,5.0,6.0383806,1.2,1.2264605,6.5,6.062643
Mike Muscala,BOS,2024,31.0,20.0,16.2,5.9,6.0263515,0.6,0.8322281,3.4,3.5438154
Amir Coffey,LAC,2024,25.0,50.0,12.5,3.4,6.008065,1.1,1.3957105,1.1,2.0603044
Kevon Looney,GSW,2024,26.0,82.0,23.9,7.0,5.9990516,2.5,2.3119934,9.3,8.047853
Danuel House Jr.,PHI,2024,29.0,56.0,14.4,4.8,5.990256,0.8,0.99365884,1.7,2.1139412
Justin Holiday,ATL,2024,33.0,28.0,14.7,4.5,5.9892454,0.9,1.0999339,0.8,1.9584377
Miles McBride,NYK,2024,22.0,64.0,11.9,3.5,5.9866962,1.1,2.180152,0.8,2.0331357
Mason Plumlee,LAC,2024,32.0,23.0,19.9,7.5,5.921184,1.7,1.5179545,6.9,5.7434483
Xavier Tillman Sr.,MEM,2024,24.0,61.0,19.3,7.0,5.90067,1.6,1.49329,5.0,4.5073824
Xavier Tillman Sr.,MEM,2024,24.0,61.0,19.3,7.0,5.90067,1.6,1.49329,5.0,4.5073824
Jordan McLaughlin,MIN,2024,26.0,43.0,15.8,3.7,5.852605,3.4,3.7156672,1.4,1.9912262
Garrison Mathews,HOU,2024,26.0,45.0,13.4,4.8,5.809065,0.5,0.8510545,1.4,2.0734499
Dyson Daniels,NOP,2024,19.0,59.0,17.7,3.8,5.787402,2.3,2.8790207,3.2,3.1061065
DÄvis BertÄns,DAL,2024,30.0,45.0,10.9,4.6,5.768341,0.5,0.79603416,1.2,1.9958024
Maxi Kleber,DAL,2024,31.0,37.0,25.1,5.9,5.7205563,1.4,1.330377,3.6,3.4243224
Matisse Thybulle,PHI,2024,25.0,49.0,12.1,2.7,5.6791573,0.5,0.9733457,1.3,2.582795
Yuta Watanabe,BRK,2024,28.0,58.0,16.0,5.6,5.6620755,0.8,0.9052992,2.4,2.49353
Patrick Beverley,LAL,2024,34.0,45.0,26.9,6.4,5.660329,2.6,2.0871403,3.1,2.72187
Patrick Beverley,LAL,2024,34.0,45.0,26.9,6.4,5.660329,2.6,2.0871403,3.1,2.72187
Luke Kornet,BOS,2024,27.0,69.0,11.7,3.8,5.647547,0.8,0.9406009,2.9,3.9219687
Paul Reed,PHI,2024,23.0,69.0,10.9,4.2,5.589512,0.4,0.7397988,3.8,4.766086
Jake LaRavia,MEM,2024,21.0,35.0,11.8,3.0,5.5656033,0.6,0.98950434,1.8,2.7337096
Dean Wade,CLE,2024,26.0,44.0,20.3,4.7,5.5436797,0.8,0.87939286,3.4,3.360698
Trent Forrest,ATL,2024,24.0,23.0,12.0,2.3,5.5289807,1.7,2.0952847,1.6,2.0888352
Caleb Houstan,ORL,2024,20.0,51.0,15.9,3.8,5.520981,0.6,0.8759327,1.9,2.3922653
Nicolas Batum,LAC,2024,34.0,78.0,21.9,6.1,5.516277,1.6,1.4089005,3.8,3.5984223
Dwight Powell,DAL,2024,31.0,76.0,19.2,6.7,5.4804473,0.9,0.84303224,4.1,4.111942
Patrick Beverley,CHI,2024,34.0,22.0,27.5,5.8,5.4303718,3.5,3.056217,4.9,4.134163
Patrick Beverley,CHI,2024,34.0,22.0,27.5,5.8,5.4303718,3.5,3.056217,4.9,4.134163
Bismack Biyombo,PHO,2024,30.0,61.0,14.3,4.3,5.1744123,0.9,0.9356469,4.3,5.31691
DeAndre Jordan,DEN,2024,34.0,39.0,15.0,5.1,5.0855174,0.9,0.91390353,5.2,5.4716225
Isaiah Livers,DET,2024,24.0,52.0,23.1,6.7,5.0379233,0.8,0.6476418,2.8,2.38294
Wesley Matthews,MIL,2024,36.0,52.0,15.8,3.4,4.968792,0.7,0.8275538,2.2,2.678089
Dominick Barlow,SAS,2024,19.0,28.0,14.6,3.9,4.9601464,0.9,0.93874454,3.6,4.4301815
Bruno Fernando,HOU,2024,24.0,31.0,11.7,4.1,4.951455,1.0,0.8625152,3.9,4.573579
Thaddeus Young,TOR,2024,34.0,54.0,14.7,4.4,4.9386435,1.4,1.3893343,3.1,3.4977236
JT Thor,CHO,2024,20.0,69.0,14.0,3.8,4.8919554,0.5,0.75800395,2.2,2.7318668
Haywood Highsmith,MIA,2024,26.0,54.0,17.9,4.4,4.778034,0.8,0.80442804,3.5,3.0862346
Jericho Sims,NYK,2024,24.0,52.0,15.6,3.4,4.771424,0.5,0.6489057,4.7,4.732789
P.J. Tucker,PHI,2024,37.0,75.0,25.6,3.5,3.7255065,0.8,0.6765443,3.9,3.270053
Luka DonÄiÄ,DAL,2025,24.0,70.0,37.5,33.9,29.152128,9.8,9.287518,9.2,8.511094
Luka DonÄiÄ,DAL,2025,24.0,70.0,37.5,33.9,29.152128,9.8,9.287518,9.2,8.511094
Shai Gilgeous-Alexander,OKC,2025,25.0,75.0,34.0,30.1,28.438572,6.2,6.2054987,5.5,5.455138
Giannis Antetokounmpo,MIL,2025,29.0,73.0,35.2,30.4,27.239323,6.5,5.960342,11.5,9.875425
Jayson Tatum,BOS,2025,25.0,74.0,35.7,26.9,26.622139,4.9,4.9796405,8.1,7.812895
Devin Booker,PHO,2025,27.0,68.0,36.0,27.1,26.520159,6.9,6.869392,4.5,4.2696295
Anthony Edwards,MIN,2025,22.0,79.0,35.1,25.9,26.511078,5.1,5.306797,5.4,5.239314
Jalen Brunson,NYK,2025,27.0,77.0,35.4,28.7,26.483719,6.7,6.7494855,3.6,3.4363892
Nikola JokiÄ,DEN,2025,28.0,79.0,34.6,26.4,26.371677,9.0,7.9628873,12.4,10.849384
Donovan Mitchell,CLE,2025,27.0,55.0,35.3,26.6,26.289473,6.1,5.770988,5.1,4.866003
Zion Williamson,NOP,2025,23.0,70.0,31.5,22.9,25.815054,5.0,5.024322,5.8,6.1802645
De'Aaron Fox,SAC,2025,26.0,74.0,35.9,26.6,25.412249,5.6,5.563966,4.6,4.2443204
LeBron James,LAL,2025,39.0,71.0,35.3,25.7,24.966774,8.3,7.883914,7.3,6.6743317
Tyrese Maxey,PHI,2025,23.0,70.0,37.5,25.9,24.942053,6.2,5.6676173,3.7,3.8586745
Victor Wembanyama,SAS,2025,20.0,71.0,29.7,21.4,24.810284,3.9,4.331836,10.6,9.757651
Stephen Curry,GSW,2025,35.0,74.0,32.7,26.4,24.799248,5.1,5.2403736,4.5,3.9136713
Kyrie Irving,DAL,2025,31.0,58.0,35.0,25.6,24.493698,5.2,4.5905533,5.0,4.9370937
LaMelo Ball,CHO,2025,22.0,22.0,32.3,23.9,24.490427,8.0,7.0895,5.1,4.695008
Kevin Durant,PHO,2025,35.0,75.0,37.2,27.1,24.389698,5.0,4.933609,6.6,6.3167872
Alperen ÅengÃ¼n,HOU,2025,21.0,63.0,32.5,21.1,23.735888,5.0,5.0337954,9.3,9.404429
Paolo Banchero,ORL,2025,21.0,80.0,35.0,22.6,23.706661,5.4,5.2387457,6.9,6.3714337
Trae Young,ATL,2025,25.0,54.0,36.0,25.7,23.694809,10.8,8.519211,2.8,2.6630774
Julius Randle,NYK,2025,29.0,46.0,35.4,24.0,23.393005,5.0,4.4008107,9.2,8.304784
Tyrese Haliburton,IND,2025,23.0,69.0,32.2,20.1,22.836714,10.9,9.119083,3.9,3.9251328
Damian Lillard,MIL,2025,33.0,73.0,35.3,24.3,22.539228,7.0,6.527237,4.4,3.9175944
Jaylen Brown,BOS,2025,27.0,70.0,33.5,23.0,22.390486,3.6,3.4358838,5.5,5.2769346
Desmond Bane,MEM,2025,25.0,42.0,34.4,23.7,22.26862,5.5,4.7640553,4.4,3.7959707
Kawhi Leonard,LAC,2025,32.0,68.0,34.3,23.7,22.2182,3.6,3.2939029,6.1,5.855354
Jaren Jackson Jr.,MEM,2025,24.0,66.0,32.2,22.5,22.150808,2.3,2.2889369,5.5,5.129578
Anthony Davis,LAL,2025,30.0,76.0,35.5,24.7,22.085424,3.5,3.2820232,12.6,10.698583
Cam Thomas,BRK,2025,22.0,66.0,31.4,22.5,22.017397,2.9,2.8204198,3.2,2.973441
DeMar DeRozan,CHI,2025,34.0,79.0,37.8,24.0,21.891,5.3,4.619632,4.3,4.0629787
Cade Cunningham,DET,2025,22.0,62.0,33.5,22.7,21.777742,7.5,6.161432,4.3,3.4946606
Jamal Murray,DEN,2025,26.0,59.0,31.5,21.2,21.767504,6.5,5.9486437,4.1,4.191213
Lauri Markkanen,UTA,2025,26.0,55.0,33.1,23.2,21.737875,2.0,1.8967772,8.2,7.399477
Dejounte Murray,ATL,2025,27.0,78.0,35.7,22.5,21.450706,6.4,5.31395,5.3,4.537447
Karl-Anthony Towns,MIN,2025,28.0,62.0,32.7,21.8,21.419659,3.0,2.9057171,8.3,7.643707
Anfernee Simons,POR,2025,24.0,46.0,34.4,22.6,21.349533,5.5,4.5062776,3.6,3.169759
Paul George,LAC,2025,33.0,74.0,33.8,22.6,20.98395,3.5,3.5374963,5.2,5.0635824
Terry Rozier,CHO,2025,29.0,30.0,35.5,23.2,20.811523,6.6,4.905889,3.9,3.7755408
Tyler Herro,MIA,2025,24.0,42.0,33.5,20.8,20.76712,4.5,4.2549763,5.3,4.446346
Jalen Williams,OKC,2025,22.0,71.0,31.3,19.1,20.741993,4.5,4.3498917,4.0,4.275143
Franz Wagner,ORL,2025,22.0,72.0,32.5,19.7,20.5094,3.7,3.7896545,5.3,5.144552
RJ Barrett,TOR,2025,23.0,32.0,33.5,21.8,20.476233,4.1,3.6978621,6.4,5.6433253
Scottie Barnes,TOR,2025,22.0,60.0,34.9,19.9,20.18665,6.1,5.246322,8.2,7.6973934
Jalen Green,HOU,2025,21.0,82.0,31.7,19.6,19.78029,3.5,3.6797197,5.2,4.78578
Devin Vassell,SAS,2025,23.0,68.0,33.1,19.5,19.741213,4.1,3.8103416,3.8,3.4512966
Domantas Sabonis,SAC,2025,27.0,82.0,35.7,19.4,19.687445,8.2,7.078867,13.7,10.8512125
Coby White,CHI,2025,23.0,79.0,36.5,19.1,19.356983,5.1,4.7046914,4.5,3.6625063
Pascal Siakam,TOR,2025,29.0,39.0,34.7,22.2,19.214043,4.9,3.8588495,6.3,5.425938
Pascal Siakam,IND,2025,29.0,41.0,31.8,21.3,19.109722,3.7,3.518274,7.8,6.9807267
Kyle Kuzma,WAS,2025,28.0,70.0,32.6,22.2,18.720861,4.2,3.3978872,6.6,5.5568204
Kyle Kuzma,WAS,2025,28.0,70.0,32.6,22.2,18.720861,4.2,3.3978872,6.6,5.5568204
Bam Adebayo,MIA,2025,26.0,71.0,34.0,19.3,18.56815,3.9,3.8069966,10.4,9.892606
Kristaps PorziÅÄ£is,BOS,2025,28.0,57.0,29.6,20.1,18.552649,2.0,2.042336,7.2,7.1452017
Miles Bridges,CHO,2025,25.0,69.0,37.4,21.0,18.512152,3.3,2.7819798,7.3,5.4617295
Jerami Grant,POR,2025,29.0,54.0,33.9,21.0,18.374157,2.8,2.3747995,3.5,3.5275767
Jimmy Butler,MIA,2025,34.0,60.0,34.0,20.8,18.263718,5.0,4.376781,5.3,5.252697
Jimmy Butler,MIA,2025,34.0,60.0,34.0,20.8,18.263718,5.0,4.376781,5.3,5.252697
Mikal Bridges,BRK,2025,27.0,82.0,34.8,19.6,18.1934,3.6,2.9511619,4.5,3.986102
D'Angelo Russell,LAL,2025,27.0,76.0,32.7,18.0,17.986856,6.3,5.5931196,3.1,3.0167854
D'Angelo Russell,LAL,2025,27.0,76.0,32.7,18.0,17.986856,6.3,5.5931196,3.1,3.0167854
Zach LaVine,CHI,2025,28.0,25.0,34.9,19.5,17.911022,3.9,3.5188737,5.2,4.4811087
Zach LaVine,CHI,2025,28.0,25.0,34.9,19.5,17.911022,3.9,3.5188737,5.2,4.4811087
Chet Holmgren,OKC,2025,21.0,82.0,29.4,16.5,17.562578,2.4,2.374648,7.9,8.021636
Collin Sexton,UTA,2025,25.0,78.0,26.6,18.7,17.512558,4.9,4.512676,2.6,3.1093493
RJ Barrett,NYK,2025,23.0,26.0,29.5,18.2,17.071209,2.4,2.4587903,4.3,3.9762957
CJ McCollum,NOP,2025,32.0,66.0,32.7,20.0,16.911366,4.6,4.2300763,4.3,4.004277
Immanuel Quickley,TOR,2025,24.0,38.0,33.3,18.6,16.688177,6.8,5.005901,4.8,3.8190835
Fred VanVleet,HOU,2025,29.0,73.0,36.8,17.4,16.652431,8.1,7.0333633,3.8,3.7736964
James Harden,LAC,2025,34.0,72.0,34.3,16.6,16.483723,8.5,7.996417,5.1,4.8012066
Jonathan Kuminga,GSW,2025,21.0,74.0,26.3,16.1,16.297215,2.2,2.1350453,4.8,5.298775
Myles Turner,IND,2025,27.0,77.0,27.0,17.1,16.249756,1.3,1.4636009,6.9,6.76343
Bradley Beal,PHO,2025,30.0,53.0,33.3,18.2,16.08179,5.0,4.474774,4.4,4.173419
Darius Garland,CLE,2025,24.0,57.0,33.4,18.0,16.032694,6.5,5.5657206,2.7,2.602925
Nikola VuÄeviÄ,CHI,2025,33.0,76.0,34.3,18.0,15.91142,3.3,2.6692982,10.5,9.089718
Michael Porter Jr.,DEN,2025,25.0,81.0,31.7,16.7,15.906239,1.5,1.5253536,7.0,5.77161
Austin Reaves,LAL,2025,25.0,82.0,32.1,15.9,15.877677,5.5,4.929488,4.3,3.8253117
Brandon Miller,CHO,2025,21.0,74.0,32.2,17.3,15.84174,2.4,2.1677723,4.3,3.4973807
Jarrett Allen,CLE,2025,25.0,77.0,31.7,16.5,15.785313,2.7,2.721964,10.5,9.985923
Tobias Harris,PHI,2025,31.0,70.0,33.8,17.2,15.6968565,3.1,2.7912252,6.5,5.8306675
Jordan Poole,WAS,2025,24.0,78.0,30.1,17.4,15.457735,4.4,3.5788147,2.7,2.5337842
Malik Monk,SAC,2025,25.0,72.0,26.0,15.4,15.373469,5.1,4.7788453,2.9,2.9727557
Evan Mobley,CLE,2025,22.0,50.0,30.6,15.7,14.862865,3.2,3.1326566,9.4,9.158461
Kelly Oubre Jr.,PHI,2025,28.0,68.0,30.2,15.4,14.687792,1.5,1.5214595,5.0,4.8961263
Donte DiVincenzo,NYK,2025,27.0,81.0,29.1,15.5,14.68594,2.7,2.5062976,3.7,3.6504982
Naz Reid,MIN,2025,24.0,81.0,24.2,13.5,14.683902,1.3,1.5106751,5.2,5.3108025
Tim Hardaway Jr.,DAL,2025,31.0,79.0,26.8,14.4,14.630608,1.8,1.7831975,3.2,2.97511
De'Andre Hunter,ATL,2025,26.0,57.0,29.5,15.6,14.521179,1.5,1.3804064,3.9,3.4072225
De'Andre Hunter,ATL,2025,26.0,57.0,29.5,15.6,14.521179,1.5,1.3804064,3.9,3.4072225
Bogdan BogdanoviÄ,ATL,2025,31.0,79.0,30.4,16.9,14.507858,3.1,2.5929816,3.4,3.1848292
Bogdan BogdanoviÄ,ATL,2025,31.0,79.0,30.4,16.9,14.507858,3.1,2.5929816,3.4,3.1848292
Jordan Clarkson,UTA,2025,31.0,55.0,30.6,17.1,14.446477,5.0,3.800298,3.4,3.1351864
Shaedon Sharpe,POR,2025,20.0,32.0,33.1,15.9,14.433134,2.9,2.8314488,5.0,4.505561
Keldon Johnson,SAS,2025,24.0,69.0,29.5,15.7,14.413492,2.8,2.4826126,5.5,4.5036287
Jalen Johnson,ATL,2025,22.0,56.0,33.7,16.0,14.3792,3.6,3.1330462,8.7,7.037622
Bennedict Mathurin,IND,2025,21.0,59.0,26.1,14.5,14.34191,2.0,1.8634989,4.0,3.6405733
Jabari Smith Jr.,HOU,2025,20.0,76.0,31.9,13.7,14.21655,1.6,1.5166104,8.1,7.220895
Jaden Ivey,DET,2025,21.0,77.0,28.8,15.4,14.213376,3.8,3.5974855,3.4,3.0156825
Klay Thompson,GSW,2025,33.0,77.0,29.7,17.9,14.190995,2.3,1.9762392,3.3,3.1158175
Khris Middleton,MIL,2025,32.0,55.0,27.0,15.1,14.030544,5.3,4.5954056,4.7,4.3207088
GG Jackson II,MEM,2025,19.0,48.0,25.7,14.6,13.922422,1.2,1.075293,4.1,4.039809
Terry Rozier,MIA,2025,29.0,31.0,31.5,16.4,13.812804,4.6,3.93702,4.2,3.825284
Caris LeVert,CLE,2025,29.0,68.0,28.8,14.0,13.753701,5.1,4.297243,4.1,4.076478
Caris LeVert,CLE,2025,29.0,68.0,28.8,14.0,13.753701,5.1,4.297243,4.1,4.076478
Deandre Ayton,POR,2025,25.0,55.0,32.4,16.7,13.744016,1.6,1.4763056,11.1,9.095779
Josh Giddey,OKC,2025,21.0,80.0,25.1,12.3,13.539076,4.8,4.6908684,6.4,6.0743146
Bobby Portis,MIL,2025,28.0,82.0,24.5,13.8,13.32447,1.3,1.4113222,7.4,6.359753
Derrick White,BOS,2025,29.0,73.0,32.6,15.2,13.311987,5.2,4.2652006,4.2,4.2075906
Immanuel Quickley,NYK,2025,24.0,30.0,24.0,15.0,13.2904415,2.5,2.5948415,2.6,2.6940155
Trey Murphy III,NOP,2025,23.0,57.0,29.6,14.8,13.150155,2.2,2.158034,4.9,4.5898786
Dalano Banton,POR,2025,24.0,30.0,29.2,16.7,13.140052,3.6,3.1928368,4.8,3.7202756
Dennis SchrÃ¶der,BRK,2025,30.0,29.0,32.0,14.6,13.13201,6.0,4.3216023,3.5,3.0564375
Dennis SchrÃ¶der,BRK,2025,30.0,29.0,32.0,14.6,13.13201,6.0,4.3216023,3.5,3.0564375
Dennis SchrÃ¶der,BRK,2025,30.0,29.0,32.0,14.6,13.13201,6.0,4.3216023,3.5,3.0564375
Andrew Wiggins,GSW,2025,28.0,71.0,27.0,13.2,13.064287,1.7,1.6428237,4.5,4.19909
Cam Whitmore,HOU,2025,19.0,47.0,18.7,12.3,12.90284,0.7,1.0734669,3.8,3.6282072
Keegan Murray,SAC,2025,23.0,77.0,33.6,15.2,12.896043,1.7,1.6325319,5.5,4.9102836
Jalen Duren,DET,2025,20.0,61.0,29.1,13.8,12.738401,2.4,2.2778957,11.6,9.701001
John Collins,UTA,2025,26.0,68.0,28.0,15.1,12.726667,1.1,1.0125271,8.5,6.749707
Grayson Allen,PHO,2025,28.0,75.0,33.5,13.5,12.665042,3.0,2.7194366,3.9,3.7106173
Deni Avdija,WAS,2025,23.0,75.0,30.1,14.7,12.44369,3.8,3.390675,7.2,5.3932185
Aaron Gordon,DEN,2025,28.0,73.0,31.5,13.9,12.440452,3.5,3.1327977,6.5,6.295305
Cole Anthony,ORL,2025,23.0,81.0,22.4,11.6,12.436232,2.9,3.4371505,3.8,3.7047749
Jalen Suggs,ORL,2025,22.0,75.0,27.0,12.6,12.330382,2.7,2.6046932,3.1,3.435985
Norman Powell,LAC,2025,30.0,76.0,26.2,13.9,12.228373,1.1,1.2869415,2.6,2.461431
OG Anunoby,TOR,2025,26.0,27.0,33.3,15.1,12.198681,2.7,2.1197808,3.9,3.7419467
OG Anunoby,NYK,2025,26.0,23.0,34.9,14.1,12.149125,1.5,1.464922,4.4,3.9857895
Malcolm Brogdon,POR,2025,31.0,39.0,28.7,15.7,12.058977,5.5,4.112377,3.8,3.2499716
Rui Hachimura,LAL,2025,25.0,68.0,26.9,13.6,11.997181,1.2,1.1332351,4.3,4.069002
Aaron Nesmith,IND,2025,24.0,72.0,27.7,12.2,11.947775,1.5,1.5026045,3.8,3.5689318
Rudy Gobert,MIN,2025,31.0,76.0,34.1,14.0,11.934511,1.3,1.3818696,12.9,11.836524
Bruce Brown,IND,2025,27.0,33.0,29.7,12.1,11.572583,3.0,2.7363951,4.7,3.969695
Moritz Wagner,ORL,2025,26.0,80.0,17.7,10.9,11.429697,1.2,1.2989122,4.3,4.854879
Cameron Johnson,BRK,2025,27.0,58.0,27.6,13.4,11.417429,2.4,1.9443506,4.3,3.785464
Scoot Henderson,POR,2025,19.0,62.0,28.5,14.0,11.399982,5.4,4.6212406,3.1,2.5647292
Ivica Zubac,LAC,2025,26.0,68.0,26.4,11.7,11.323286,1.4,1.3844365,9.2,8.817348
Jonas ValanÄiÅ«nas,NOP,2025,31.0,82.0,23.5,12.2,11.292804,2.1,1.9651951,8.8,7.9620194
Jonas ValanÄiÅ«nas,NOP,2025,31.0,82.0,23.5,12.2,11.292804,2.1,1.9651951,8.8,7.9620194
Gary Trent Jr.,TOR,2025,25.0,71.0,28.1,13.7,11.218747,1.7,1.5391316,2.6,2.3922963
Nic Claxton,BRK,2025,24.0,71.0,29.8,11.8,11.207883,2.1,1.8584973,9.9,8.698417
Daniel Gafford,DAL,2025,25.0,29.0,21.5,11.2,11.204443,1.6,1.4868919,6.9,7.0158706
Jrue Holiday,BOS,2025,33.0,69.0,32.8,12.5,11.1177,4.8,4.351335,5.4,4.896045
P.J. Washington,CHO,2025,25.0,44.0,29.2,13.6,11.073329,2.2,1.9158034,5.3,4.7763686
Dillon Brooks,HOU,2025,28.0,72.0,30.9,12.7,11.0388155,1.7,1.6098074,3.4,3.2976544
Keyonte George,UTA,2025,20.0,75.0,27.0,13.0,10.990781,4.4,3.8960617,2.8,2.2528086
Buddy Hield,IND,2025,31.0,52.0,25.7,12.0,10.974813,2.7,2.2257457,3.2,3.1724765
Ayo Dosunmu,CHI,2025,24.0,76.0,29.1,12.2,10.832994,3.2,2.774325,2.8,2.8610938
Kevin Huerter,SAC,2025,25.0,64.0,24.4,10.2,10.816544,2.6,2.4335654,3.5,3.4481394
Kevin Huerter,SAC,2025,25.0,64.0,24.4,10.2,10.816544,2.6,2.4335654,3.5,3.4481394
Max Strus,CLE,2025,27.0,70.0,32.0,12.2,10.805469,4.0,3.426833,4.8,4.24608
Russell Westbrook,LAC,2025,35.0,68.0,22.5,11.1,10.773106,4.5,4.532661,5.0,4.5592585
Jalen Smith,IND,2025,23.0,61.0,17.2,9.9,10.766046,1.0,1.0783293,5.5,5.7338567
Wendell Carter Jr.,ORL,2025,24.0,55.0,25.6,11.0,10.746695,1.7,1.6717043,6.9,6.4768395
Corey Kispert,WAS,2025,24.0,80.0,25.8,13.4,10.633517,2.0,1.6354513,2.8,2.6364014
Spencer Dinwiddie,BRK,2025,30.0,48.0,30.7,12.6,10.619622,6.0,4.3118863,3.3,2.7753243
Harrison Barnes,SAC,2025,31.0,82.0,29.0,12.2,10.616564,1.2,1.2220347,3.0,3.1886454
Duncan Robinson,MIA,2025,29.0,68.0,28.0,12.9,10.612265,2.8,2.3582802,2.5,2.4024425
Buddy Hield,PHI,2025,31.0,32.0,25.8,12.2,10.566829,3.0,2.593233,3.2,3.1671948
Dennis SchrÃ¶der,TOR,2025,30.0,51.0,30.6,13.7,10.5486145,6.1,3.9954708,2.7,2.250979
Dennis SchrÃ¶der,TOR,2025,30.0,51.0,30.6,13.7,10.5486145,6.1,3.9954708,2.7,2.250979
Dennis SchrÃ¶der,TOR,2025,30.0,51.0,30.6,13.7,10.5486145,6.1,3.9954708,2.7,2.250979
Jaime Jaquez Jr.,MIA,2025,22.0,75.0,28.2,11.9,10.51888,2.6,2.2558165,3.8,3.2018003
Clint Capela,ATL,2025,29.0,73.0,25.8,11.5,10.457129,1.2,1.0346087,10.6,9.020981
Herbert Jones,NOP,2025,25.0,76.0,30.5,11.0,10.396275,2.6,2.4163864,3.6,3.5824292
Malik Beasley,MIL,2025,27.0,79.0,29.6,11.3,10.316331,1.4,1.4729573,3.7,3.1406498
Obi Toppin,IND,2025,25.0,82.0,21.1,10.3,10.292023,1.6,1.4925793,3.9,3.8794987
Luguentz Dort,OKC,2025,24.0,79.0,28.4,10.9,10.28898,1.4,1.4822328,3.6,3.590744
P.J. Washington,DAL,2025,25.0,29.0,32.2,11.7,10.197454,1.5,1.4366223,6.2,5.3190255
Mike Conley,MIN,2025,36.0,76.0,28.9,11.4,10.099127,5.9,5.0982795,2.9,2.4655497
Jaden McDaniels,MIN,2025,23.0,72.0,29.2,10.5,10.058733,1.4,1.5332181,3.1,3.4785206
Tyus Jones,WAS,2025,27.0,66.0,29.3,12.0,10.057362,7.3,5.472095,2.7,2.6039977
Brook Lopez,MIL,2025,35.0,79.0,30.5,12.5,9.984764,1.6,1.4403412,5.2,4.602947
Cameron Payne,PHI,2025,29.0,31.0,19.4,9.3,9.950013,3.1,3.131808,1.8,2.0410302
Jeremy Sochan,SAS,2025,20.0,74.0,29.6,11.6,9.934564,3.4,2.9423966,6.4,5.574969
Jake LaRavia,MEM,2025,22.0,35.0,23.0,10.8,9.905353,1.7,1.5484173,3.7,3.7959332
Jusuf NurkiÄ,PHO,2025,29.0,76.0,27.3,10.9,9.834554,4.0,3.7062545,11.0,9.343543
Jusuf NurkiÄ,PHO,2025,29.0,76.0,27.3,10.9,9.834554,4.0,3.7062545,11.0,9.343543
Talen Horton-Tucker,UTA,2025,23.0,51.0,19.8,10.1,9.738728,3.5,3.2405863,2.4,2.473946
Moses Moody,GSW,2025,21.0,66.0,17.5,8.1,9.720282,0.9,1.2722633,3.0,3.6744132
Kelly Olynyk,TOR,2025,32.0,28.0,26.4,12.7,9.710708,4.6,3.3975275,5.6,4.9019575
Kelly Olynyk,TOR,2025,32.0,28.0,26.4,12.7,9.710708,4.6,3.3975275,5.6,4.9019575
Lonnie Walker IV,BRK,2025,25.0,58.0,17.4,9.7,9.670236,1.3,1.4968868,2.2,2.4225483
Scotty Pippen Jr.,MEM,2025,23.0,21.0,25.1,12.9,9.644952,4.7,4.048904,3.2,2.8338654
Brandin Podziemski,GSW,2025,20.0,74.0,26.6,9.2,9.638952,3.7,3.5520554,5.8,5.035629
T.J. McConnell,IND,2025,31.0,71.0,18.2,10.2,9.503837,5.5,4.9596767,2.7,2.5435848
Tari Eason,HOU,2025,22.0,22.0,21.8,9.8,9.4759245,1.2,1.2614629,7.0,6.1611238
Amen Thompson,HOU,2025,21.0,62.0,22.4,9.5,9.46631,2.6,2.4230368,6.6,6.3204284
Onyeka Okongwu,ATL,2025,23.0,55.0,25.5,10.2,9.462704,1.3,1.3439713,6.8,5.7957926
Derrick Jones Jr.,DAL,2025,26.0,76.0,23.5,8.6,9.40608,1.0,1.1626978,3.3,3.5480216
Isaac Okoro,CLE,2025,23.0,69.0,27.3,9.4,9.401608,1.9,1.8110803,3.0,3.4828835
Alec Burks,DET,2025,32.0,43.0,21.0,12.6,9.335723,1.6,1.3882703,2.6,2.476963
Bones Hyland,LAC,2025,23.0,37.0,14.6,6.9,9.315687,2.5,3.1948009,1.5,2.081486
Payton Pritchard,BOS,2025,26.0,82.0,22.3,9.6,9.2740345,3.4,3.654346,3.2,3.005812
Bruce Brown,TOR,2025,27.0,34.0,26.0,9.6,9.2393875,2.7,2.4043593,3.8,3.285566
Luke Kennard,MEM,2025,27.0,39.0,25.6,11.0,9.108614,3.5,2.6417627,2.9,2.5289245
Gradey Dick,TOR,2025,20.0,60.0,21.1,8.5,9.023113,1.1,1.2264136,2.2,1.9395077
Zach Collins,SAS,2025,26.0,69.0,22.1,11.2,9.022712,2.8,2.2846956,5.4,4.702853
Zach Collins,SAS,2025,26.0,69.0,22.1,11.2,9.022712,2.8,2.2846956,5.4,4.702853
Nickeil Alexander-Walker,MIN,2025,25.0,82.0,23.4,8.0,8.958538,2.5,2.5080926,2.0,2.6172218
Alex Caruso,CHI,2025,29.0,71.0,28.7,10.1,8.936954,3.5,2.9951727,3.8,3.5784535
Isaiah Joe,OKC,2025,24.0,78.0,18.5,8.2,8.83455,1.3,1.5324144,2.3,2.5070007
Reggie Jackson,DEN,2025,33.0,82.0,22.2,10.2,8.829573,3.8,3.5292246,1.9,1.7376561
Santi Aldama,MEM,2025,23.0,61.0,26.5,10.7,8.82079,2.3,1.908162,5.8,5.3551946
Daniel Gafford,WAS,2025,25.0,45.0,26.5,10.9,8.797728,1.5,1.1955588,8.0,6.8851323
Brandon Boston Jr.,LAC,2025,22.0,32.0,10.8,5.2,8.785811,0.4,0.8471121,1.6,3.0474734
Kentavious Caldwell-Pope,DEN,2025,30.0,76.0,31.6,10.1,8.778595,2.4,2.217512,2.4,2.3565538
Sam Hauser,BOS,2025,26.0,79.0,22.0,9.0,8.7585745,1.0,1.1083183,3.5,3.0963037
Isaiah Stewart,DET,2025,22.0,46.0,30.9,10.9,8.697519,1.6,1.3092334,6.6,5.015782
Josh Hart,NYK,2025,28.0,81.0,33.4,9.4,8.695822,4.1,3.4996736,8.3,6.642527
Jakob Poeltl,TOR,2025,28.0,50.0,26.4,11.1,8.683458,2.5,1.9059806,8.6,7.113401
Miles McBride,NYK,2025,23.0,68.0,19.5,8.3,8.676113,1.7,2.277854,1.5,1.828261
Patrick Williams,CHI,2025,22.0,43.0,27.3,10.0,8.661675,1.5,1.3226221,3.9,4.011156
Tre Jones,SAS,2025,24.0,77.0,27.8,10.0,8.624001,6.2,4.97343,3.8,3.1452153
Caleb Martin,MIA,2025,28.0,64.0,27.4,10.0,8.549283,2.2,1.9399084,4.4,3.6792705
Jaden Hardy,DAL,2025,21.0,73.0,13.5,7.3,8.519637,1.5,1.9232861,1.8,2.1565852
Jordan Hawkins,NOP,2025,21.0,67.0,17.3,7.8,8.48003,1.0,1.2999805,2.2,2.1107378
Terance Mann,LAC,2025,27.0,75.0,25.0,8.8,8.376759,1.6,1.4674289,3.4,3.1423643
Terance Mann,LAC,2025,27.0,75.0,25.0,8.8,8.376759,1.6,1.4674289,3.4,3.1423643
Brice Sensabaugh,UTA,2025,20.0,32.0,18.3,7.5,8.372949,1.7,1.4866544,3.2,2.83364
Georges Niang,CLE,2025,30.0,82.0,22.3,9.4,8.346126,1.2,1.1428185,3.4,3.0444934
Georges Niang,CLE,2025,30.0,82.0,22.3,9.4,8.346126,1.2,1.1428185,3.4,3.0444934
Josh Green,DAL,2025,23.0,57.0,26.4,8.2,8.255861,2.3,2.2751465,3.2,3.1079807
Ziaire Williams,MEM,2025,22.0,51.0,20.4,8.2,8.230585,1.5,1.429349,3.5,3.3205793
Eric Gordon,PHO,2025,35.0,68.0,27.8,11.0,8.225136,2.0,1.8071523,1.8,2.0149953
Jabari Walker,POR,2025,21.0,72.0,23.6,8.9,8.188103,1.0,1.0288632,7.1,6.0563855
Aaron Holiday,HOU,2025,27.0,78.0,16.3,6.6,8.133128,1.8,2.3587534,1.6,1.9217519
Dereck Lively II,DAL,2025,19.0,55.0,23.5,8.8,8.123187,1.1,1.1103892,6.9,6.76351
Andrew Nembhard,IND,2025,24.0,68.0,25.0,9.2,8.110868,4.1,3.6713479,2.1,1.8322808
Julian Strawther,DEN,2025,21.0,50.0,10.9,4.5,8.086892,0.9,1.2429117,1.2,2.2425005
Naji Marshall,NOP,2025,26.0,66.0,19.0,7.1,8.043342,1.9,1.8900071,3.6,3.4906085
Shake Milton,MIN,2025,27.0,38.0,12.9,4.7,8.043064,1.3,1.8770375,1.3,2.1611905
Shake Milton,MIN,2025,27.0,38.0,12.9,4.7,8.043064,1.3,1.8770375,1.3,2.1611905
Alec Burks,NYK,2025,32.0,23.0,13.5,6.5,8.024908,0.9,1.2639139,1.7,2.0162122
Andre Drummond,CHI,2025,30.0,79.0,17.1,8.4,7.9711714,0.5,0.7642351,9.0,8.432057
Kevin Love,MIA,2025,35.0,55.0,16.8,8.8,7.9539404,2.1,2.07203,6.1,5.099254
Aaron Wiggins,OKC,2025,25.0,78.0,15.7,6.9,7.9486604,1.1,1.3834481,2.4,2.760427
Dante Exum,DAL,2025,28.0,55.0,19.8,7.8,7.9120307,2.9,2.9191554,2.7,2.3816164
Christian Braun,DEN,2025,22.0,82.0,20.2,7.3,7.9108057,1.6,1.6323427,3.7,3.3627067
Jonathan Isaac,ORL,2025,26.0,58.0,15.8,6.8,7.8220773,0.5,0.88492924,4.5,4.945254
Bilal Coulibaly,WAS,2025,19.0,63.0,27.2,8.4,7.809135,1.7,1.543032,4.1,3.4480128
Trey Lyles,SAC,2025,28.0,58.0,20.0,7.2,7.783154,1.2,1.193982,4.4,4.077467
Taurean Prince,LAL,2025,29.0,78.0,27.0,8.9,7.7608223,1.5,1.4110293,2.9,2.8373947
Sam Merrill,CLE,2025,27.0,61.0,17.5,8.0,7.740566,1.8,1.6513007,2.0,2.113244
Precious Achiuwa,TOR,2025,24.0,25.0,17.5,7.7,7.728973,1.8,1.617697,5.4,5.071351
Cameron Payne,MIL,2025,29.0,47.0,14.9,6.2,7.717057,2.3,3.0946147,1.3,1.8149582
Jose Alvarado,NOP,2025,25.0,56.0,18.4,7.1,7.6873183,2.1,2.5230231,2.3,2.4515197
Trayce Jackson-Davis,GSW,2025,23.0,68.0,16.6,7.9,7.6754146,1.2,1.0732826,5.0,5.648565
Nikola JoviÄ,MIA,2025,20.0,46.0,19.5,7.7,7.660441,2.0,1.7158829,4.2,4.176902
Landry Shamet,WAS,2025,26.0,46.0,15.8,7.1,7.612345,1.2,1.3617616,1.3,1.9674683
Davion Mitchell,SAC,2025,25.0,72.0,15.3,5.3,7.6075864,1.9,2.703851,1.3,1.9212811
Davion Mitchell,SAC,2025,25.0,72.0,15.3,5.3,7.6075864,1.9,2.703851,1.3,1.9212811
Cason Wallace,OKC,2025,20.0,82.0,20.6,6.8,7.5963507,1.5,1.7000875,2.3,2.6246262
Royce O'Neale,PHO,2025,30.0,30.0,25.1,8.1,7.58558,2.7,2.3135824,5.2,4.5027304
Quentin Grimes,NYK,2025,23.0,45.0,20.2,7.3,7.5588613,1.2,1.404785,2.0,2.3469179
Quentin Grimes,NYK,2025,23.0,45.0,20.2,7.3,7.5588613,1.2,1.404785,2.0,2.3469179
Jordan Goodwin,PHO,2025,25.0,40.0,14.0,5.0,7.5360913,2.0,2.3653243,2.9,2.9352205
Walker Kessler,UTA,2025,22.0,64.0,23.3,8.1,7.4726033,0.9,0.82470286,7.5,6.2274804
Chris Paul,GSW,2025,38.0,58.0,26.4,9.2,7.452932,6.8,5.749358,3.9,3.3688612
Day'Ron Sharpe,BRK,2025,22.0,61.0,15.1,6.8,7.4481807,1.4,1.4054401,6.4,6.8181057
Nick Smith Jr.,CHO,2025,19.0,51.0,14.3,5.9,7.436769,1.2,1.4026684,1.4,1.9549178
Duop Reath,POR,2025,27.0,68.0,17.9,9.1,7.3810763,1.0,0.7562269,3.7,3.4493465
David Roddy,MEM,2025,22.0,48.0,23.2,8.4,7.276507,1.6,1.1766382,4.2,3.6292188
Vince Williams Jr.,MEM,2025,23.0,52.0,27.6,10.0,7.2322927,3.4,2.6615546,5.6,4.602623
Isaiah Hartenstein,NYK,2025,25.0,75.0,25.3,7.8,7.210901,2.5,2.40676,8.3,6.998798
Simone Fontecchio,UTA,2025,28.0,50.0,23.2,8.9,7.184797,1.5,1.0882078,3.5,2.7619016
Josh Okogie,PHO,2025,25.0,60.0,16.0,4.6,7.140465,1.1,1.4792898,2.6,3.314446
Ausar Thompson,DET,2025,21.0,63.0,25.1,8.8,7.1055646,1.9,1.5793071,6.4,5.540048
Svi Mykhailiuk,BOS,2025,26.0,41.0,10.1,4.0,7.095404,0.9,1.1844003,1.2,2.3631425
Peyton Watson,DEN,2025,21.0,80.0,18.6,6.7,7.068856,1.1,1.2296463,3.2,3.234636
Kelly Olynyk,UTA,2025,32.0,50.0,20.4,8.1,7.0207906,4.4,3.3635383,5.1,4.572303
Kelly Olynyk,UTA,2025,32.0,50.0,20.4,8.1,7.0207906,4.4,3.3635383,5.1,4.572303
Draymond Green,GSW,2025,33.0,55.0,27.1,8.6,7.0198483,6.0,4.92837,7.2,5.9989557
Al Horford,BOS,2025,37.0,65.0,26.8,8.6,6.987403,2.6,2.1865444,6.4,5.628289
Dorian Finney-Smith,BRK,2025,30.0,68.0,28.4,8.5,6.971246,1.6,1.2890882,4.7,3.9172997
Dorian Finney-Smith,BRK,2025,30.0,68.0,28.4,8.5,6.971246,1.6,1.2890882,4.7,3.9172997
Dyson Daniels,NOP,2025,20.0,61.0,22.3,5.8,6.9551067,2.7,3.0313046,3.9,3.735021
Cam Reddish,LAL,2025,24.0,48.0,20.5,5.4,6.937373,1.0,1.2293804,2.1,2.890006
Ousmane Dieng,OKC,2025,20.0,33.0,11.1,4.0,6.920727,1.1,1.3538657,1.5,2.5227711
Trendon Watford,BRK,2025,23.0,63.0,13.6,6.9,6.907969,1.3,1.2892779,3.1,3.8313093
Craig Porter Jr.,CLE,2025,23.0,51.0,12.7,5.6,6.8994856,2.3,2.7403347,2.1,2.1734502
Nick Richards,CHO,2025,26.0,67.0,26.3,9.7,6.890129,0.8,0.5524327,8.0,5.8082604
Nick Richards,CHO,2025,26.0,67.0,26.3,9.7,6.890129,0.8,0.5524327,8.0,5.8082604
Ochai Agbaji,TOR,2025,23.0,27.0,23.6,6.7,6.834955,1.3,1.2927247,3.3,3.0330038
Gary Harris,ORL,2025,29.0,54.0,24.0,6.9,6.7715874,1.6,1.9099867,1.7,2.3286486
Precious Achiuwa,NYK,2025,24.0,49.0,24.2,7.6,6.7486167,1.1,1.1245613,7.2,5.678338
Chris Boucher,TOR,2025,31.0,50.0,14.1,6.4,6.7111793,0.5,0.65648925,4.1,4.2084737
Royce O'Neale,BRK,2025,30.0,49.0,24.5,7.4,6.69618,2.8,2.363494,4.5,3.7315705
Kyle Anderson,MIN,2025,30.0,79.0,22.6,6.4,6.6928906,4.2,3.6491096,3.5,3.6432345
Kyle Anderson,MIN,2025,30.0,79.0,22.6,6.4,6.6928906,4.2,3.6491096,3.5,3.6432345
Johnny Juzang,UTA,2025,22.0,20.0,18.6,7.2,6.6076274,1.2,1.1314687,1.8,1.8878758
Noah Clowney,BRK,2025,19.0,23.0,16.1,5.8,6.5952873,0.8,0.85944974,3.5,3.8034623
A.J. Green,MIL,2025,24.0,56.0,11.0,4.5,6.589988,0.5,0.9283606,1.1,1.8901911
Thomas Bryant,MIA,2025,26.0,38.0,11.6,5.7,6.5862436,0.6,0.82912254,3.7,4.576605
Mo Bamba,PHI,2025,25.0,57.0,13.0,4.4,6.571868,0.7,0.88928485,4.2,5.00947
Kyle Lowry,MIA,2025,37.0,37.0,28.0,8.2,6.535447,4.0,3.4325848,3.5,3.077608
Marcus Sasser,DET,2025,23.0,71.0,19.0,8.3,6.441089,3.3,3.0399823,1.8,1.6951029
Daniel Theis,LAC,2025,31.0,59.0,17.1,6.3,6.394872,1.0,1.073026,4.1,4.222479
Jaxson Hayes,LAL,2025,23.0,70.0,12.5,4.3,6.3480334,0.5,0.7887063,3.0,4.170872
Spencer Dinwiddie,LAL,2025,30.0,28.0,24.2,6.8,6.3478637,2.4,2.5641863,1.7,1.9433932
Amir Coffey,LAC,2025,26.0,70.0,20.9,6.6,6.34033,1.1,1.1256558,2.1,2.2104368
Monte Morris,MIN,2025,28.0,27.0,15.1,5.1,6.3030925,2.3,2.9516058,1.7,2.3569396
Jarred Vanderbilt,LAL,2025,24.0,29.0,20.0,5.2,6.2919817,1.2,1.2469435,4.8,4.519122
Vasilije MiciÄ,CHO,2025,30.0,30.0,27.2,10.8,6.282025,6.2,3.631424,2.1,1.616903
Dominick Barlow,SAS,2025,20.0,33.0,12.7,4.4,6.194844,1.1,1.1507775,3.4,4.2577224
Max Christie,LAL,2025,20.0,67.0,14.1,4.2,6.160549,0.9,1.2360454,2.1,2.3163273
Max Christie,LAL,2025,20.0,67.0,14.1,4.2,6.160549,0.9,1.2360454,2.1,2.3163273
Cody Martin,CHO,2025,28.0,28.0,26.9,7.5,6.1156645,3.7,2.8393974,3.9,3.4349341
Bol Bol,PHO,2025,24.0,43.0,10.9,5.2,6.113904,0.4,0.70542574,3.2,3.5252833
KJ Martin,PHI,2025,23.0,58.0,12.3,3.7,6.099251,0.9,1.1295062,2.2,3.106824
Jared Butler,WAS,2025,23.0,40.0,14.2,6.3,6.0489306,3.2,3.1309345,1.5,2.0135021
Jared Butler,WAS,2025,23.0,40.0,14.2,6.3,6.0489306,3.2,3.1309345,1.5,2.0135021
Drew Eubanks,PHO,2025,26.0,75.0,15.6,5.1,5.996954,0.8,0.8880632,4.3,4.5375514
Jarace Walker,IND,2025,20.0,33.0,10.3,3.6,5.9715366,1.2,1.2955847,1.9,2.8042264
Jalen Wilson,BRK,2025,23.0,43.0,15.4,5.0,5.9492903,1.0,0.96624494,3.0,2.9282317
Keon Ellis,SAC,2025,24.0,57.0,17.2,5.4,5.9103923,1.5,1.5679331,2.2,2.5312219
Kyle Lowry,PHI,2025,37.0,23.0,28.4,8.0,5.9053802,4.6,3.493885,2.8,2.2588048
Seth Curry,DAL,2025,33.0,36.0,12.7,4.3,5.873095,0.8,1.0984263,1.4,1.7931932
Garrison Mathews,ATL,2025,27.0,66.0,15.0,4.9,5.841615,0.6,0.93838304,1.4,1.9014288
Luke Kornet,BOS,2025,28.0,63.0,15.6,5.3,5.8183174,1.1,1.1652113,4.1,4.9220204
Julian Champagnie,SAS,2025,22.0,74.0,19.8,6.8,5.8061924,1.4,1.1979148,2.8,2.5383868
Kris Dunn,UTA,2025,29.0,66.0,18.9,5.4,5.796466,3.8,3.3479953,2.9,2.8419716
John Konchar,MEM,2025,27.0,55.0,21.3,4.3,5.773256,2.0,1.6342815,4.7,3.794536
Dean Wade,CLE,2025,27.0,54.0,20.5,5.4,5.7702174,0.8,0.87591887,4.0,4.028248
Ochai Agbaji,UTA,2025,23.0,51.0,19.7,5.4,5.7343106,0.9,1.0192392,2.5,2.4622426
Blake Wesley,SAS,2025,20.0,61.0,14.4,4.4,5.70737,2.7,2.9661028,1.5,1.9390435
Neemias Queta,BOS,2025,24.0,28.0,11.9,5.5,5.691769,0.7,0.74182785,4.4,5.4282165
Pat Connaughton,MIL,2025,31.0,76.0,22.1,5.6,5.641166,2.1,1.9861583,3.1,2.9063873
Jock Landale,HOU,2025,28.0,56.0,13.6,4.9,5.6279593,1.2,1.1641115,3.1,3.865923
Jaylin Williams,OKC,2025,21.0,69.0,13.0,4.0,5.6016417,1.6,1.592017,3.4,4.3304276
Larry Nance Jr.,NOP,2025,31.0,61.0,19.9,5.7,5.568809,1.9,1.8261305,5.0,4.982486
Caleb Houstan,ORL,2025,21.0,59.0,13.8,4.3,5.5417876,0.5,0.8098547,1.4,2.0853727
Cory Joseph,GSW,2025,32.0,26.0,11.4,2.4,5.5378923,1.6,2.394191,1.2,1.8669373
Ben Sheppard,IND,2025,22.0,57.0,14.3,4.4,5.5264063,0.9,1.2492783,1.6,1.9888449
Kevon Looney,GSW,2025,27.0,74.0,16.1,4.5,5.5181656,1.8,1.577008,5.7,5.582717
Jamal Cain,MIA,2025,24.0,26.0,10.0,3.7,5.4825606,0.4,0.75752467,1.4,2.390012
Jeff Green,HOU,2025,37.0,78.0,16.8,6.5,5.3992724,0.9,0.8275347,2.3,2.731154
Dalen Terry,CHI,2025,21.0,59.0,11.5,3.1,5.3474503,1.4,1.9046358,1.9,2.4535804
Toumani Camara,POR,2025,23.0,70.0,24.8,7.5,5.342603,1.2,0.8780972,4.9,3.92308
Gary Payton II,GSW,2025,31.0,44.0,15.5,5.5,5.337711,1.1,1.3356191,2.6,3.0210652
Goga Bitadze,ORL,2025,24.0,62.0,15.4,5.0,5.300324,1.3,1.2988973,4.6,4.506744
Dwight Powell,DAL,2025,32.0,63.0,13.3,3.3,5.285104,1.3,1.2957077,3.4,3.8796122
Maxi Kleber,DAL,2025,32.0,43.0,20.3,4.4,5.2286296,1.6,1.4060068,3.3,3.2994838
Jae'Sean Tate,HOU,2025,28.0,65.0,15.9,4.1,5.211848,1.0,1.0830339,3.0,3.195872
Mason Plumlee,LAC,2025,33.0,46.0,14.7,5.3,5.1868763,1.2,1.0318879,5.1,5.164739
Kenrich Williams,OKC,2025,29.0,69.0,14.9,4.7,5.0709805,1.3,1.3304021,3.0,3.3792477
Kris Murray,POR,2025,23.0,62.0,21.7,6.1,5.051419,1.3,1.154559,3.6,2.9002695
Anthony Black,ORL,2025,20.0,69.0,16.9,4.6,5.01386,1.3,1.7820582,2.0,2.0409522
Richaun Holmes,DAL,2025,30.0,23.0,10.3,3.4,4.9989963,0.7,0.75788087,3.4,4.232739
Haywood Highsmith,MIA,2025,27.0,66.0,20.7,6.1,4.843089,1.1,0.9803056,3.2,2.8884113
Nicolas Batum,PHI,2025,35.0,57.0,25.9,5.5,4.7652807,2.2,1.8074195,4.2,3.5580878
Delon Wright,WAS,2025,31.0,33.0,13.8,4.1,4.733196,2.5,2.6909652,1.8,1.941554
Andre Jackson Jr.,MIL,2025,22.0,57.0,10.0,2.2,4.630033,0.9,1.1715249,2.0,2.4420469
DeAndre Jordan,DEN,2025,35.0,36.0,11.0,3.9,4.6060147,0.7,0.742159,4.4,5.1321025
Vasilije MiciÄ,OKC,2025,30.0,30.0,12.0,3.3,4.5413475,2.5,3.2197955,0.8,1.572896
Vit Krejci,ATL,2025,23.0,22.0,24.6,6.1,4.5183964,2.3,1.9454303,2.4,1.9572351
Jericho Sims,NYK,2025,25.0,45.0,13.0,2.0,4.3864284,0.6,0.68146116,3.3,4.199025
Trey Jemison,MEM,2025,24.0,23.0,24.9,7.4,4.3148103,1.2,0.6961545,5.8,4.6732707
Bismack Biyombo,MEM,2025,31.0,30.0,23.9,5.2,4.1968656,1.7,1.3087252,6.4,5.6539865
